insert into SCHEDULE_GROUP
(ID, VERSION, CREATE_TS, CREATED_BY, UPDATE_TS, UPDATED_BY, DELETE_TS, DELETED_BY, GROUP_NUMBER)
values ('87e9ad63-fb2d-ef40-ac54-084d16ccc56f', 1, '2021-07-13 16:20:58', 'admin', '2021-07-13 16:20:58', null, null, null, 6307);
insert into SCHEDULE_GROUP
(ID, VERSION, CREATE_TS, CREATED_BY, UPDATE_TS, UPDATED_BY, DELETE_TS, DELETED_BY, GROUP_NUMBER)
values ('76d0d87e-1d98-0f05-1579-e0ce22512624', 1, '2021-07-13 16:21:01', 'admin', '2021-07-13 16:21:01', null, null, null, 6308);
insert into SCHEDULE_GROUP
(ID, VERSION, CREATE_TS, CREATED_BY, UPDATE_TS, UPDATED_BY, DELETE_TS, DELETED_BY, GROUP_NUMBER)
values ('9714105a-2471-5d8c-945c-55d3c59e8fe6', 1, '2021-07-13 16:21:04', 'admin', '2021-07-13 16:21:04', null, null, null, 6309);
insert into SCHEDULE_GROUP
(ID, VERSION, CREATE_TS, CREATED_BY, UPDATE_TS, UPDATED_BY, DELETE_TS, DELETED_BY, GROUP_NUMBER)
values ('1e49a28a-ce50-80f5-26cb-3eca1e272697', 1, '2021-07-13 16:21:07', 'admin', '2021-07-13 16:21:07', null, null, null, 6310);

insert into SCHEDULE_STUDENT
(ID, VERSION, CREATE_TS, CREATED_BY, UPDATE_TS, UPDATED_BY, DELETE_TS, DELETED_BY, FULL_NAME, GRADE_BOOK, GROUP_ID)
values ('d8387eae-4f90-cd0a-fdf9-17402073a6bb', 1, '2021-07-13 16:36:17', 'admin', '2021-07-13 16:36:17', null, null, null, 'And Got SoFar', 543215, '1e49a28a-ce50-80f5-26cb-3eca1e272697');
insert into SCHEDULE_STUDENT
(ID, VERSION, CREATE_TS, CREATED_BY, UPDATE_TS, UPDATED_BY, DELETE_TS, DELETED_BY, FULL_NAME, GRADE_BOOK, GROUP_ID)
values ('3d2d3172-4334-aa68-2922-343069d09db2', 1, '2021-07-13 16:34:18', 'admin', '2021-07-13 16:34:18', null, null, null, 'Gabe Newel Alexandrovich', 777889, '1e49a28a-ce50-80f5-26cb-3eca1e272697');
insert into SCHEDULE_STUDENT
(ID, VERSION, CREATE_TS, CREATED_BY, UPDATE_TS, UPDATED_BY, DELETE_TS, DELETED_BY, FULL_NAME, GRADE_BOOK, GROUP_ID)
values ('084c6ce2-67e7-a473-95c5-a73a64873d03', 1, '2021-07-13 16:31:38', 'admin', '2021-07-13 16:31:38', null, null, null, 'Gonshik Andrew Normalkin', 987987, '1e49a28a-ce50-80f5-26cb-3eca1e272697');
insert into SCHEDULE_STUDENT
(ID, VERSION, CREATE_TS, CREATED_BY, UPDATE_TS, UPDATED_BY, DELETE_TS, DELETED_BY, FULL_NAME, GRADE_BOOK, GROUP_ID)
values ('fa9cb8ca-9c3f-5354-cdc8-3b1b96e6fe17', 1, '2021-07-13 16:33:55', 'admin', '2021-07-13 16:33:55', null, null, null, 'Premium Valera Bestgangter', 98, '9714105a-2471-5d8c-945c-55d3c59e8fe6');
insert into SCHEDULE_STUDENT
(ID, VERSION, CREATE_TS, CREATED_BY, UPDATE_TS, UPDATED_BY, DELETE_TS, DELETED_BY, FULL_NAME, GRADE_BOOK, GROUP_ID)
values ('99039d00-4f70-3570-1d07-70d7095b1a1a', 2, '2021-07-13 16:35:43', 'admin', '2021-07-13 16:36:03', 'admin', null, null, 'I Tried SoHard', 888000, '9714105a-2471-5d8c-945c-55d3c59e8fe6');
insert into SCHEDULE_STUDENT
(ID, VERSION, CREATE_TS, CREATED_BY, UPDATE_TS, UPDATED_BY, DELETE_TS, DELETED_BY, FULL_NAME, GRADE_BOOK, GROUP_ID)
values ('96d21200-b6f6-ba9b-781a-4787c8d61140', 1, '2021-07-13 16:36:48', 'admin', '2021-07-13 16:36:48', null, null, null, 'It Doesnt EvenMatter', 789023, '9714105a-2471-5d8c-945c-55d3c59e8fe6');
insert into SCHEDULE_STUDENT
(ID, VERSION, CREATE_TS, CREATED_BY, UPDATE_TS, UPDATED_BY, DELETE_TS, DELETED_BY, FULL_NAME, GRADE_BOOK, GROUP_ID)
values ('347a0c74-1d7c-e475-2dc7-e40fa4680c48', 1, '2021-07-13 16:31:06', 'admin', '2021-07-13 16:31:06', null, null, null, 'Kopchoniy Andrew Prikolovich', 126874, '9714105a-2471-5d8c-945c-55d3c59e8fe6');
insert into SCHEDULE_STUDENT
(ID, VERSION, CREATE_TS, CREATED_BY, UPDATE_TS, UPDATED_BY, DELETE_TS, DELETED_BY, FULL_NAME, GRADE_BOOK, GROUP_ID)
values ('e8867890-9269-3824-d4cb-b0fe6734fd89', 1, '2021-07-13 16:32:41', 'admin', '2021-07-13 16:32:41', null, null, null, 'Buzuluk Karaz Awpwer', 880055, '76d0d87e-1d98-0f05-1579-e0ce22512624');
insert into SCHEDULE_STUDENT
(ID, VERSION, CREATE_TS, CREATED_BY, UPDATE_TS, UPDATED_BY, DELETE_TS, DELETED_BY, FULL_NAME, GRADE_BOOK, GROUP_ID)
values ('b5e5274b-e4ef-1977-0c45-c894f5cf192b', 1, '2021-07-13 16:30:39', 'admin', '2021-07-13 16:30:39', null, null, null, 'Nealgashev Alex Ey', 2, '76d0d87e-1d98-0f05-1579-e0ce22512624');
insert into SCHEDULE_STUDENT
(ID, VERSION, CREATE_TS, CREATED_BY, UPDATE_TS, UPDATED_BY, DELETE_TS, DELETED_BY, FULL_NAME, GRADE_BOOK, GROUP_ID)
values ('905a90cf-7d16-726e-34ee-0af08e986674', 1, '2021-07-13 16:35:16', 'admin', '2021-07-13 16:35:16', null, null, null, 'Anime For Nords', 120021, '76d0d87e-1d98-0f05-1579-e0ce22512624');
insert into SCHEDULE_STUDENT
(ID, VERSION, CREATE_TS, CREATED_BY, UPDATE_TS, UPDATED_BY, DELETE_TS, DELETED_BY, FULL_NAME, GRADE_BOOK, GROUP_ID)
values ('e0008797-0bc5-7474-06ec-b2f065d86950', 1, '2021-07-13 16:34:42', 'admin', '2021-07-13 16:34:42', null, null, null, 'Kianu Reevs Sergeevich', 445310, '87e9ad63-fb2d-ef40-ac54-084d16ccc56f');
insert into SCHEDULE_STUDENT
(ID, VERSION, CREATE_TS, CREATED_BY, UPDATE_TS, UPDATED_BY, DELETE_TS, DELETED_BY, FULL_NAME, GRADE_BOOK, GROUP_ID)
values ('c0ee0500-26c1-a0e1-6b4c-59e7a4b2669a', 1, '2021-07-13 16:32:05', 'admin', '2021-07-13 16:32:05', null, null, null, 'Buzuluk Diman Jiw', 555465, '87e9ad63-fb2d-ef40-ac54-084d16ccc56f');
insert into SCHEDULE_STUDENT
(ID, VERSION, CREATE_TS, CREATED_BY, UPDATE_TS, UPDATED_BY, DELETE_TS, DELETED_BY, FULL_NAME, GRADE_BOOK, GROUP_ID)
values ('ad2a3cab-5a3e-2c6f-c246-fdd8e90c4475', 1, '2021-07-13 16:36:26', 'admin', '2021-07-13 16:36:26', null, null, null, 'But In TheEnd', 321459, '87e9ad63-fb2d-ef40-ac54-084d16ccc56f');
insert into SCHEDULE_STUDENT
(ID, VERSION, CREATE_TS, CREATED_BY, UPDATE_TS, UPDATED_BY, DELETE_TS, DELETED_BY, FULL_NAME, GRADE_BOOK, GROUP_ID)
values ('4d6221d0-319b-f8da-7231-6e11a24bc3c4', 1, '2021-07-13 16:30:21', 'admin', '2021-07-13 16:30:21', null, null, null, 'Algashev Oleg Sey', 1, '87e9ad63-fb2d-ef40-ac54-084d16ccc56f');

insert into SCHEDULE_CLASSROOM
(ID, VERSION, CREATE_TS, CREATED_BY, UPDATE_TS, UPDATED_BY, DELETE_TS, DELETED_BY, TYPE_, NUMBER_, SIZE_)
values ('58a4ce6a-fddb-e6c2-0911-9dbfdeefda03', 1, '2021-07-13 16:22:25', 'admin', '2021-07-13 16:22:25', null, null, null, 1, 'Lab1', 1);
insert into SCHEDULE_CLASSROOM
(ID, VERSION, CREATE_TS, CREATED_BY, UPDATE_TS, UPDATED_BY, DELETE_TS, DELETED_BY, TYPE_, NUMBER_, SIZE_)
values ('f3331296-2208-707d-ad84-e82cf6953ff3', 1, '2021-07-13 16:22:34', 'admin', '2021-07-13 16:22:34', null, null, null, 1, 'Lab2', 1);
insert into SCHEDULE_CLASSROOM
(ID, VERSION, CREATE_TS, CREATED_BY, UPDATE_TS, UPDATED_BY, DELETE_TS, DELETED_BY, TYPE_, NUMBER_, SIZE_)
values ('331fb1c0-a13b-c7ab-7cf4-051c14d681d9', 1, '2021-07-13 16:22:41', 'admin', '2021-07-13 16:22:41', null, null, null, 1, 'Lab3', 1);
insert into SCHEDULE_CLASSROOM
(ID, VERSION, CREATE_TS, CREATED_BY, UPDATE_TS, UPDATED_BY, DELETE_TS, DELETED_BY, TYPE_, NUMBER_, SIZE_)
values ('f41c9ce4-1373-2cda-64e0-1b2de335b375', 2, '2021-07-13 16:21:20', 'admin', '2021-07-13 16:22:06', 'admin', null, null, 0, 'Lecture1', 1);
insert into SCHEDULE_CLASSROOM
(ID, VERSION, CREATE_TS, CREATED_BY, UPDATE_TS, UPDATED_BY, DELETE_TS, DELETED_BY, TYPE_, NUMBER_, SIZE_)
values ('683be483-94e8-4b20-1382-fefaa7fc0739', 1, '2021-07-13 16:21:32', 'admin', '2021-07-13 16:21:32', null, null, null, 0, 'Lecture2', 2);
insert into SCHEDULE_CLASSROOM
(ID, VERSION, CREATE_TS, CREATED_BY, UPDATE_TS, UPDATED_BY, DELETE_TS, DELETED_BY, TYPE_, NUMBER_, SIZE_)
values ('e344fc72-7cfd-5043-97a1-4746960ed3be', 1, '2021-07-13 16:21:42', 'admin', '2021-07-13 16:21:42', null, null, null, 0, 'Lecture3', 3);
insert into SCHEDULE_CLASSROOM
(ID, VERSION, CREATE_TS, CREATED_BY, UPDATE_TS, UPDATED_BY, DELETE_TS, DELETED_BY, TYPE_, NUMBER_, SIZE_)
values ('01724a6d-4710-0274-1342-a3b0c103f3a4', 1, '2021-07-13 16:21:50', 'admin', '2021-07-13 16:21:50', null, null, null, 0, 'Lecture4', 4);

insert into SCHEDULE_TEACHER
(ID, VERSION, CREATE_TS, CREATED_BY, UPDATE_TS, UPDATED_BY, DELETE_TS, DELETED_BY, FULL_NAME, EMAIL)
values ('0f355737-1262-c32c-b1af-72cf290e180c', 1, '2021-07-13 16:24:35', 'admin', '2021-07-13 16:24:35', null, null, null, 'Degtyaryov Alexandr Alexandrovich', '4MMF@coolboy.umf');
insert into SCHEDULE_TEACHER
(ID, VERSION, CREATE_TS, CREATED_BY, UPDATE_TS, UPDATED_BY, DELETE_TS, DELETED_BY, FULL_NAME, EMAIL)
values ('bcab0815-d46e-25e9-4ee0-e9cf06c2020f', 1, '2021-07-13 16:27:36', 'admin', '2021-07-13 16:27:36', null, null, null, 'Krenc Anton Anatolievich', 'avtomat@pofizike.norm');
insert into SCHEDULE_TEACHER
(ID, VERSION, CREATE_TS, CREATED_BY, UPDATE_TS, UPDATED_BY, DELETE_TS, DELETED_BY, FULL_NAME, EMAIL)
values ('2cd3a675-e178-d993-f395-ca2057829fd7', 1, '2021-07-08 17:54:01', 'admin', '2021-07-08 17:54:01', null, null, null, 'Golovashkin Dimitry Livovich', 'golovashkin.genius@mail.ru');
insert into SCHEDULE_TEACHER
(ID, VERSION, CREATE_TS, CREATED_BY, UPDATE_TS, UPDATED_BY, DELETE_TS, DELETED_BY, FULL_NAME, EMAIL)
values ('b349ef79-7adf-d611-2a85-5c8bf7e78b1e', 1, '2021-07-08 17:55:05', 'admin', '2021-07-08 17:55:05', null, null, null, 'Kirilenko Mikhail Sergeevich', 'haulmont@haulmont.haulmont');
insert into SCHEDULE_TEACHER
(ID, VERSION, CREATE_TS, CREATED_BY, UPDATE_TS, UPDATED_BY, DELETE_TS, DELETED_BY, FULL_NAME, EMAIL)
values ('ccd4f825-4370-9262-6b07-9787ca0344d7', 1, '2021-07-13 16:28:26', 'admin', '2021-07-13 16:28:26', null, null, null, 'Sukhanov Sergey Vasilievich', 'isnochkini@oformleni.norm');
insert into SCHEDULE_TEACHER
(ID, VERSION, CREATE_TS, CREATED_BY, UPDATE_TS, UPDATED_BY, DELETE_TS, DELETED_BY, FULL_NAME, EMAIL)
values ('449963a0-223d-4eb5-30a3-8bd04660bc78', 1, '2021-07-08 17:54:28', 'admin', '2021-07-08 17:54:28', null, null, null, 'Kitaeva Ekaterina Viktorovna', 'kitaeva.wow@blizzard.ru');
insert into SCHEDULE_TEACHER
(ID, VERSION, CREATE_TS, CREATED_BY, UPDATE_TS, UPDATED_BY, DELETE_TS, DELETED_BY, FULL_NAME, EMAIL)
values ('906af81c-787d-2bcb-4be0-5f0718288336', 1, '2021-07-13 16:29:39', 'admin', '2021-07-13 16:29:39', null, null, null, 'Saveliev Dmitry Andreevich', 'nir@norm.gg');
insert into SCHEDULE_TEACHER
(ID, VERSION, CREATE_TS, CREATED_BY, UPDATE_TS, UPDATED_BY, DELETE_TS, DELETED_BY, FULL_NAME, EMAIL)
values ('802189cd-8c31-45b5-c23b-0a38223ad998', 1, '2021-07-13 16:25:30', 'admin', '2021-07-13 16:25:30', null, null, null, 'Strelkov Uriy Stanislavovich', 's1mplex@master.da');
insert into SCHEDULE_TEACHER
(ID, VERSION, CREATE_TS, CREATED_BY, UPDATE_TS, UPDATED_BY, DELETE_TS, DELETED_BY, FULL_NAME, EMAIL)
values ('fa55eeb1-de39-ee59-9b0e-cb66eb84fccd', 1, '2021-07-13 16:26:31', 'admin', '2021-07-13 16:26:31', null, null, null, 'Kupriyanov Alexandr Viktorovich', 'ssau@ssau.ssau');
insert into SCHEDULE_TEACHER
(ID, VERSION, CREATE_TS, CREATED_BY, UPDATE_TS, UPDATED_BY, DELETE_TS, DELETED_BY, FULL_NAME, EMAIL)
values ('adf8937c-ed22-bc12-b8de-b880ddf59799', 1, '2021-07-13 16:29:00', 'admin', '2021-07-13 16:29:00', null, null, null, 'Gaidel Andrey Viktorovich', 'true@progger.gg');

insert into SCHEDULE_LESSON
(ID, VERSION, CREATE_TS, CREATED_BY, UPDATE_TS, UPDATED_BY, DELETE_TS, DELETED_BY, DAY_, TIME_, DURATION, TEACHER_ID, CLASSROOM_ID)
values ('6c6d4272-a931-0987-3c89-0d9002957f33', 1, '2021-07-13 16:37:53', 'admin', '2021-07-13 16:37:53', null, null, null, '2021-07-14', '08:01', '10:00', 'b349ef79-7adf-d611-2a85-5c8bf7e78b1e', '58a4ce6a-fddb-e6c2-0911-9dbfdeefda03');
insert into SCHEDULE_LESSON
(ID, VERSION, CREATE_TS, CREATED_BY, UPDATE_TS, UPDATED_BY, DELETE_TS, DELETED_BY, DAY_, TIME_, DURATION, TEACHER_ID, CLASSROOM_ID)
values ('4d28a280-f4e5-65c9-839b-e06075785133', 1, '2021-07-13 16:38:29', 'admin', '2021-07-13 16:38:29', null, null, null, '2021-07-14', '08:00', '10:00', '906af81c-787d-2bcb-4be0-5f0718288336', 'e344fc72-7cfd-5043-97a1-4746960ed3be');
insert into SCHEDULE_LESSON
(ID, VERSION, CREATE_TS, CREATED_BY, UPDATE_TS, UPDATED_BY, DELETE_TS, DELETED_BY, DAY_, TIME_, DURATION, TEACHER_ID, CLASSROOM_ID)
values ('73ad7eb9-a123-f732-6076-ff790d8af490', 1, '2021-07-13 16:39:38', 'admin', '2021-07-13 16:39:38', null, null, null, '2021-07-14', '18:02', '01:30', '449963a0-223d-4eb5-30a3-8bd04660bc78', '01724a6d-4710-0274-1342-a3b0c103f3a4');
insert into SCHEDULE_LESSON
(ID, VERSION, CREATE_TS, CREATED_BY, UPDATE_TS, UPDATED_BY, DELETE_TS, DELETED_BY, DAY_, TIME_, DURATION, TEACHER_ID, CLASSROOM_ID)
values ('44d31124-4993-f246-7876-9d2f088f8c8b', 1, '2021-07-13 16:40:35', 'admin', '2021-07-13 16:40:35', null, null, null, '2021-07-15', '09:45', '01:30', 'fa55eeb1-de39-ee59-9b0e-cb66eb84fccd', 'f3331296-2208-707d-ad84-e82cf6953ff3');


